[{"id": "1", "name": "Old Fashioned", "ingredients": [{"oz": "2", "ingredient": "Bourbon"}, {"oz": ".1", "ingredient": "Angostura bitters"}, {"oz": ".15", "ingredient": "Sugar"}, {"oz": "1", "ingredient": "Orange Twist Garnish"}], "instructions": "Put sugar in glass. Cover it with dashes of bitters. Add whiskey and stir until sugar dissolves. Add ice, stir again, and serve. If the barman starts shaking the ingredients or muddling fruit, have your next round at another bar.", "description": "There may be no better test of a bartender's mettle than ordering an Old Fashioned. ", "file_name": "./Assets/old-fashioned.jpg"}, {"id": "2", "name": "Margarita", "ingredients": [{"oz": "2", "ingredient": "Silver Tequila"}, {"oz": "1", "ingredient": "Cointreau"}, {"oz": "1", "ingredient": "Lime Juice"}, {"oz": ".1", "ingredient": "Salt"}], "instructions": "Since this recipe includes fresh juice, it should be shaken. Serve over ice in a glass with a salted rim.", "description": "Cloyingly sweet margarita mixes have given this drink a bad name. A well-made version is a fresh mix of lime juice and tequila, with a hint of sweetener.", "file_name": "./Assets/margarita.jpg"}, {"id": "3", "name": "Cosmopolitan", "ingredients": [{"oz": "1", "ingredient": "Citrus Vodka"}, {"oz": "1", "ingredient": "Cointreau"}, {"oz": ".5", "ingredient": "Sweet Vermouth"}, {"oz": ".25", "ingredient": "Cranberry Juice"}], "instructions": "", "description": "The cosmo became almost ubiquitous in the '90s thanks to the TV show Sex and the City, but this spin on the martini remains just as tasty today as when Carrie Bradshaw made it famous.", "file_name": "./Assets/cosmopolitan.jpg"}, {"id": "4", "name": "Negroni", "ingredients": [{"oz": "1", "ingredient": "Gin"}, {"oz": "1", "ingredient": "Campari"}, {"oz": "1", "ingredient": "Sweet Vermouth"}], "instructions": "Stir ingredients with ice.", "description": "A favorite of bartenders all over the world, the Negroni is a simple three-ingredient cocktail.", "file_name": "./Assets/negroni.jpg"}, {"id": "5", "name": "MoscowMule", "ingredients": [{"oz": "2", "ingredient": "Vodka"}], "instructions": "Squeeze lime juice into a Moscow Mule mug. Add two or three ice cubes, pour in the vodka, and fill with cold ginger beer. Stir and serve.", "description": "Popular for good reason, the Moscow Mule is one of the most refreshing things to sip on a hot summer day. Its suggested vessel, a copper mug, also just looks sharp.", "file_name": "./Assets/moscow-mule.jpg"}, {"id": "6", "name": "Paloma", "ingredients": [{"oz": "2", "ingredient": "Grapefruit"}, {"oz": "1", "ingredient": " Ice"}, {"oz": "3", "ingredient": " Gin"}], "instructions": "Take ingredients and stir", "description": "A great drink for the morning", "file_name": "./Assets/paloma.jpg"}, {"id": "7", "name": "French 75", "ingredients": [{"oz": "2", "ingredient": "Gin"}, {"oz": "2", "ingredient": "Champagne"}, {"oz": ".5", "ingredient": "Lemon Juice"}], "instructions": "", "description": "Created during World War I, the name of this drink was supposedly inspired by the fact that taking a sip of it feels like getting shelled with a French 75mm field gun, a powerful piece of artillery.", "file_name": "./Assets/french-75.jpg"}, {"id": "8", "name": "Custom", "ingredients": [{"oz": "1", "ingredient": "a"}, {"oz": "2", "ingredient": "b"}, {"oz": "3", "ingredient": "c"}], "instructions": "Shake and Stir", "description": "A refreshing drink", "file_name": "/Users/nicholasfarkas/Downloads/Software_Engineering/Assignments/GroupProject2/Assets/mimosa.jpg"}]