[{"Ingredient": "Bourbon", "OZ_Available": "186.0"}, {"Ingredient": "Angostura bitters", "OZ_Available": "3.300000000000003"}, {"Ingredient": "Sugar", "OZ_Available": "97.4499999999999"}, {"Ingredient": "Orange Twist Garnish", "OZ_Available": "33.0"}, {"Ingredient": "Silver Tequila", "OZ_Available": "150"}, {"Ingredient": "Cointreau", "OZ_Available": "0"}, {"Ingredient": "Lime Juice", "OZ_Available": "100"}, {"Ingredient": "Salt", "OZ_Available": "100"}, {"Ingredient": "Citrus Vodka", "OZ_Available": "175"}, {"Ingredient": "Sweet Vermouth", "OZ_Available": "16.0"}, {"Ingredient": "Cranberry Juice", "OZ_Available": "100"}, {"Ingredient": "Gin", "OZ_Available": "116.0"}, {"Ingredient": "Campari", "OZ_Available": "26.0"}]