[{"event": "Login Success", "details": "Username: nfarkas - Password: password123", "user": "None", "date_time": "2022-04-07 09:29:30.652110"}, {"event": "Login Success", "details": "Username: nfarkas - Password: password123", "user": "None", "date_time": "2022-04-07 10:41:05.612623"}, {"event": "Login Success", "details": "Username: nfarkas - Password: password123", "user": "None", "date_time": "2022-04-07 10:54:43.033424"}, {"event": "Password Failure", "details": "Username: nfarkas - Password: password12", "user": "None", "date_time": "2022-04-07 14:41:14.740752"}, {"event": "Login Success", "details": "Username: nfarkas - Password: password123", "user": "None", "date_time": "2022-04-07 14:41:35.139844"}, {"event": "Underage", "details": "Age: 20", "user": {"name": "Nicholas Farkas", "user_name": "nfarkas", "password": "password123", "status": "active", "isAdmin": "1"}, "date_time": "2022-04-07 14:43:10.006482"}, {"event": "Login Success", "details": "Username: nfarkas - Password: password123", "user": "None", "date_time": "2022-04-07 14:48:19.689482"}, {"event": "Login Success", "details": "Username: nfarkas - Password: password123", "user": "None", "date_time": "2022-04-07 14:50:29.891056"}, {"event": "Login Success", "details": "Username: Jason_Meyers - Password: password", "user": "None", "date_time": "2022-04-07 14:54:27.042132"}, {"event": "Login Success", "details": "Username: nfarkas - Password: password123", "user": "None", "date_time": "2022-04-07 15:20:13.896891"}, {"event": "Password Failure", "details": "Username: nfarkas - Password: password", "user": "None", "date_time": "2022-05-05 22:29:58.832723"}, {"event": "Login Success", "details": "Username: nfarkas - Password: password123", "user": "None", "date_time": "2022-05-05 22:30:03.295314"}, {"event": "Login Success", "details": "Username: nfarkas - Password: password123", "user": "None", "date_time": "2022-05-05 22:42:51.146762"}, {"event": "Login Success", "details": "Username: nfarkas - Password: password123", "user": "None", "date_time": "2022-05-05 22:45:00.462948"}, {"event": "Login Success", "details": "Username: nfarkas - Password: password123", "user": "None", "date_time": "2022-05-05 23:32:10.350717"}, {"event": "Login Success", "details": "Username: nfarkas - Password: password123", "user": "None", "date_time": "2022-05-05 23:39:06.617661"}, {"event": "Login Success", "details": "Username: nfarkas - Password: password123", "user": "None", "date_time": "2022-05-05 23:41:34.269675"}, {"event": "Login Success", "details": "Username: nfarkas - Password: password123", "user": "None", "date_time": "2022-05-05 23:48:20.603884"}, {"event": "Login Success", "details": "Username: nfarkas - Password: password123", "user": "None", "date_time": "2022-05-06 00:56:21.642553"}, {"event": "Login Success", "details": "Username: nfarkas - Password: password123", "user": "None", "date_time": "2022-05-06 00:57:48.642793"}, {"event": "Login Success", "details": "Username: nfarkas - Password: password123", "user": "None", "date_time": "2022-05-06 01:02:11.460028"}, {"event": "Login Success", "details": "Username: nfarkas - Password: password123", "user": "None", "date_time": "2022-05-06 01:04:44.143858"}, {"event": "Login Success", "details": "Username: nfarkas - Password: password123", "user": "None", "date_time": "2022-05-06 01:06:15.528021"}, {"event": "Login Success", "details": "Username: nfarkas - Password: password123", "user": "None", "date_time": "2022-05-06 01:08:58.994664"}, {"event": "Login Success", "details": "Username: nfarkas - Password: password123", "user": "None", "date_time": "2022-05-06 01:12:05.811833"}, {"event": "Login Success", "details": "Username: nfarkas - Password: password123", "user": "None", "date_time": "2022-05-06 01:14:57.595981"}, {"event": "Login Success", "details": "Username: nfarkas - Password: password123", "user": "None", "date_time": "2022-05-06 01:30:47.748157"}, {"event": "Login Success", "details": "Username: nfarkas - Password: password123", "user": "None", "date_time": "2022-05-06 13:52:27.904490"}, {"event": "Login Success", "details": "Username: nfarkas - Password: password123", "user": "None", "date_time": "2022-05-06 13:54:38.236203"}, {"event": "Login Success", "details": "Username: nfarkas - Password: password123", "user": "None", "date_time": "2022-05-06 13:55:16.568849"}, {"event": "Login Success", "details": "Username: nfarkas - Password: password123", "user": "None", "date_time": "2022-05-06 13:58:33.286383"}, {"event": "Login Success", "details": "Username: nfarkas - Password: password123", "user": "None", "date_time": "2022-05-06 17:56:46.197513"}, {"event": "Login Success", "details": "Username: nfarkas - Password: password123", "user": "None", "date_time": "2022-05-06 18:51:05.843028"}, {"event": "Login Success", "details": "Username: nfarkas - Password: password123", "user": "None", "date_time": "2022-05-06 18:52:55.641121"}, {"event": "Login Success", "details": "Username: nfarkas - Password: password123", "user": "None", "date_time": "2022-05-06 18:54:47.538518"}, {"event": "Login Success", "details": "Username: nfarkas - Password: password123", "user": "None", "date_time": "2022-05-06 18:56:44.788394"}, {"event": "Login Success", "details": "Username: nfarkas - Password: password123", "user": "None", "date_time": "2022-05-06 18:57:44.021427"}, {"event": "Login Success", "details": "Username: nfarkas - Password: password123", "user": "None", "date_time": "2022-05-06 19:19:52.087323"}, {"event": "Login Success", "details": "Username: nfarkas - Password: password123", "user": "None", "date_time": "2022-05-06 19:24:13.017841"}, {"event": "Login Success", "details": "Username: nfarkas - Password: password123", "user": "None", "date_time": "2022-05-06 19:26:36.117795"}, {"event": "Login Success", "details": "Username: nfarkas - Password: password123", "user": "None", "date_time": "2022-05-06 19:28:06.384197"}, {"event": "Login Success", "details": "Username: nfarkas - Password: password123", "user": "None", "date_time": "2022-05-06 21:50:33.006594"}, {"event": "Login Success", "details": "Username: nfarkas - Password: password123", "user": "None", "date_time": "2022-05-06 22:15:13.890563"}, {"event": "Underage", "details": "Age: 18", "user": {"name": "Nicholas Farkas", "user_name": "nfarkas", "password": "password123", "status": "active", "isAdmin": "1"}, "date_time": "2022-05-06 22:18:24.499717"}]